,India,Thailand,Greece,United States,Brazil,France,Australia,Spain,Singapore,United Kingdom,China,Canada
above65.csv,-0.7487912771451464,-0.32747732313773326,-0.5318171238141538,-0.08319194417282136,-0.7038024338028235,-0.3268803780019749,-0.5006639498464699,-0.36547614578401894,-0.23651469928553265,-0.2138877218190883,-0.5182346988495431,-0.2697204839219492
mobile_users.csv,-0.6869066150763223,-0.31299751919227514,-0.600409701182156,-0.16961309336753388,-0.3004799420540623,-0.43694071218605846,-0.3120996823838664,-0.5809648604365425,-0.07384749207007732,-0.31003013235083277,-0.4368338159836441,-0.34335221664557863
total_pop.csv,-0.731177962721133,-0.2916841917641508,-0.0682282234859943,-0.2031156897213765,-0.62464916057403,-0.4646764379305927,-0.49691433447280425,-0.7086990612545643,-0.174222374313187,-0.2963335213269726,-0.39955871336065046,-0.3024082605672583
unemployed.csv,-0.4285246628879476,0.1024814613644593,-0.7636411025304978,-0.558087558702052,-0.6196640377472473,-0.32474930841824656,-0.32707000004907383,-0.8552775906485681,-0.1554391520961075,-0.3699699445812267,-0.3335028480925994,-0.22088626423999455
GDP_Change,1.0,1.0,1.0,1.0,1.0,1.0,1.0,1.0,1.0,1.0,1.0,1.0
